﻿<?xml version="1.0" encoding="utf-8"?>
<abapGit version="v1.0.0" serializer="LCL_OBJECT_PROG" serializer_version="v1.0.0">
 <asx:abap xmlns:asx="http://www.sap.com/abapxml" version="1.0">
  <asx:values>
   <PROGDIR>
    <NAME>ZFMPARAVALREAD</NAME>
    <STATE>A</STATE>
    <VARCL>X</VARCL>
    <SUBC>1</SUBC>
    <RLOAD>1</RLOAD>
    <FIXPT>X</FIXPT>
    <UCCHECK>X</UCCHECK>
   </PROGDIR>
   <DYNPROS>
    <item>
     <HEADER>
      <PROGRAM>ZFMPARAVALREAD</PROGRAM>
      <SCREEN>0100</SCREEN>
      <LANGUAGE>1</LANGUAGE>
      <DESCRIPT>100</DESCRIPT>
      <TYPE>N</TYPE>
      <NEXTSCREEN>0100</NEXTSCREEN>
      <LINES>027</LINES>
      <COLUMNS>120</COLUMNS>
     </HEADER>
     <CONTAINERS>
      <RPY_DYCATT>
       <TYPE>SCREEN</TYPE>
       <NAME>SCREEN</NAME>
      </RPY_DYCATT>
     </CONTAINERS>
     <FIELDS>
      <RPY_DYFATC>
       <CONT_TYPE>SCREEN</CONT_TYPE>
       <CONT_NAME>SCREEN</CONT_NAME>
       <TYPE>OKCODE</TYPE>
       <NAME>OK_CODE</NAME>
       <TEXT>____________________</TEXT>
       <LENGTH>020</LENGTH>
       <VISLENGTH>020</VISLENGTH>
       <HEIGHT>001</HEIGHT>
       <FORMAT>CHAR</FORMAT>
       <INPUT_FLD>X</INPUT_FLD>
      </RPY_DYFATC>
     </FIELDS>
     <FLOW_LOGIC>
      <RPY_DYFLOW/>
      <RPY_DYFLOW>
       <LINE>PROCESS BEFORE OUTPUT.</LINE>
      </RPY_DYFLOW>
      <RPY_DYFLOW>
       <LINE>MODULE status_0100.</LINE>
      </RPY_DYFLOW>
      <RPY_DYFLOW/>
      <RPY_DYFLOW>
       <LINE>PROCESS AFTER INPUT.</LINE>
      </RPY_DYFLOW>
      <RPY_DYFLOW>
       <LINE>MODULE user_command_0100.</LINE>
      </RPY_DYFLOW>
      <RPY_DYFLOW>
       <LINE>MODULE exit AT EXIT-COMMAND.</LINE>
      </RPY_DYFLOW>
     </FLOW_LOGIC>
     <SPACES>
      <item>0</item>
      <item>0</item>
      <item>2</item>
      <item>0</item>
      <item>0</item>
      <item>2</item>
      <item>2</item>
     </SPACES>
    </item>
   </DYNPROS>
   <CUA>
    <ADM>
     <ACTCODE>000002</ACTCODE>
     <PFKCODE>000002</PFKCODE>
    </ADM>
    <STA>
     <RSMPE_STAT>
      <CODE>LIST</CODE>
      <MODAL>D</MODAL>
      <ACTCODE>000001</ACTCODE>
      <PFKCODE>000001</PFKCODE>
      <BUTCODE>0001</BUTCODE>
      <INT_NOTE>List</INT_NOTE>
     </RSMPE_STAT>
     <RSMPE_STAT>
      <CODE>STANDARD</CODE>
      <MODAL>D</MODAL>
      <ACTCODE>000002</ACTCODE>
      <PFKCODE>000002</PFKCODE>
      <BUTCODE>0001</BUTCODE>
      <INT_NOTE>Standard</INT_NOTE>
     </RSMPE_STAT>
    </STA>
    <FUN>
     <RSMPE_FUNT>
      <CODE>%EX</CODE>
      <TEXTNO>001</TEXTNO>
      <TEXT_TYPE>S</TEXT_TYPE>
      <FUN_TEXT>退出</FUN_TEXT>
     </RSMPE_FUNT>
     <RSMPE_FUNT>
      <CODE>BACK</CODE>
      <TEXTNO>001</TEXTNO>
      <TEXT_TYPE>S</TEXT_TYPE>
      <FUN_TEXT>返回</FUN_TEXT>
     </RSMPE_FUNT>
     <RSMPE_FUNT>
      <CODE>CANCEL</CODE>
      <TEXTNO>001</TEXTNO>
      <TYPE>E</TYPE>
      <TEXT_TYPE>S</TEXT_TYPE>
      <TEXT_NAME>ICON_CANCEL</TEXT_NAME>
      <ICON_ID>@0W@</ICON_ID>
      <FUN_TEXT>取消</FUN_TEXT>
     </RSMPE_FUNT>
     <RSMPE_FUNT>
      <CODE>DEL</CODE>
      <TEXTNO>001</TEXTNO>
      <TEXT_TYPE>S</TEXT_TYPE>
      <TEXT_NAME>ICON_DELETE</TEXT_NAME>
      <ICON_ID>@11@</ICON_ID>
      <FUN_TEXT>删除</FUN_TEXT>
     </RSMPE_FUNT>
     <RSMPE_FUNT>
      <CODE>NEXT</CODE>
      <TEXTNO>001</TEXTNO>
      <TEXT_TYPE>S</TEXT_TYPE>
      <TEXT_NAME>ICON_COLUMN_RIGHT</TEXT_NAME>
      <ICON_ID>@0E@</ICON_ID>
      <FUN_TEXT>结束</FUN_TEXT>
     </RSMPE_FUNT>
     <RSMPE_FUNT>
      <CODE>PRE</CODE>
      <TEXTNO>001</TEXTNO>
      <TEXT_TYPE>S</TEXT_TYPE>
      <TEXT_NAME>ICON_COLUMN_LEFT</TEXT_NAME>
      <ICON_ID>@0D@</ICON_ID>
      <FUN_TEXT>开始</FUN_TEXT>
     </RSMPE_FUNT>
     <RSMPE_FUNT>
      <CODE>REFRESH</CODE>
      <TEXTNO>001</TEXTNO>
      <TEXT_TYPE>S</TEXT_TYPE>
      <TEXT_NAME>ICON_REFRESH</TEXT_NAME>
      <ICON_ID>@42@</ICON_ID>
      <FUN_TEXT>刷新</FUN_TEXT>
     </RSMPE_FUNT>
     <RSMPE_FUNT>
      <CODE>RW</CODE>
      <TEXTNO>001</TEXTNO>
      <TEXT_TYPE>S</TEXT_TYPE>
      <TEXT_NAME>ICON_CANCEL</TEXT_NAME>
      <ICON_ID>@0W@</ICON_ID>
      <FUN_TEXT>取消</FUN_TEXT>
     </RSMPE_FUNT>
    </FUN>
    <BUT>
     <RSMPE_BUT>
      <PFK_CODE>000001</PFK_CODE>
      <CODE>0001</CODE>
      <NO>01</NO>
      <PFNO>13</PFNO>
     </RSMPE_BUT>
     <RSMPE_BUT>
      <PFK_CODE>000001</PFK_CODE>
      <CODE>0001</CODE>
      <NO>02</NO>
      <PFNO>14</PFNO>
     </RSMPE_BUT>
     <RSMPE_BUT>
      <PFK_CODE>000002</PFK_CODE>
      <CODE>0001</CODE>
      <NO>01</NO>
      <PFNO>13</PFNO>
     </RSMPE_BUT>
     <RSMPE_BUT>
      <PFK_CODE>000002</PFK_CODE>
      <CODE>0001</CODE>
      <NO>02</NO>
      <PFNO>14</PFNO>
     </RSMPE_BUT>
    </BUT>
    <PFK>
     <RSMPE_PFK>
      <CODE>000001</CODE>
      <PFNO>03</PFNO>
      <FUNCODE>BACK</FUNCODE>
      <FUNNO>001</FUNNO>
     </RSMPE_PFK>
     <RSMPE_PFK>
      <CODE>000001</CODE>
      <PFNO>12</PFNO>
      <FUNCODE>RW</FUNCODE>
      <FUNNO>001</FUNNO>
     </RSMPE_PFK>
     <RSMPE_PFK>
      <CODE>000001</CODE>
      <PFNO>13</PFNO>
      <FUNCODE>PRE</FUNCODE>
      <FUNNO>001</FUNNO>
     </RSMPE_PFK>
     <RSMPE_PFK>
      <CODE>000001</CODE>
      <PFNO>14</PFNO>
      <FUNCODE>NEXT</FUNCODE>
      <FUNNO>001</FUNNO>
     </RSMPE_PFK>
     <RSMPE_PFK>
      <CODE>000001</CODE>
      <PFNO>15</PFNO>
      <FUNCODE>%EX</FUNCODE>
      <FUNNO>001</FUNNO>
     </RSMPE_PFK>
     <RSMPE_PFK>
      <CODE>000002</CODE>
      <PFNO>03</PFNO>
      <FUNCODE>BACK</FUNCODE>
      <FUNNO>001</FUNNO>
     </RSMPE_PFK>
     <RSMPE_PFK>
      <CODE>000002</CODE>
      <PFNO>12</PFNO>
      <FUNCODE>CANCEL</FUNCODE>
      <FUNNO>001</FUNNO>
     </RSMPE_PFK>
     <RSMPE_PFK>
      <CODE>000002</CODE>
      <PFNO>13</PFNO>
      <FUNCODE>REFRESH</FUNCODE>
      <FUNNO>001</FUNNO>
     </RSMPE_PFK>
     <RSMPE_PFK>
      <CODE>000002</CODE>
      <PFNO>14</PFNO>
      <FUNCODE>DEL</FUNCODE>
      <FUNNO>001</FUNNO>
     </RSMPE_PFK>
    </PFK>
    <SET>
     <RSMPE_STAF>
      <STATUS>LIST</STATUS>
      <FUNCTION>%EX</FUNCTION>
     </RSMPE_STAF>
     <RSMPE_STAF>
      <STATUS>LIST</STATUS>
      <FUNCTION>BACK</FUNCTION>
     </RSMPE_STAF>
     <RSMPE_STAF>
      <STATUS>LIST</STATUS>
      <FUNCTION>NEXT</FUNCTION>
     </RSMPE_STAF>
     <RSMPE_STAF>
      <STATUS>LIST</STATUS>
      <FUNCTION>PRE</FUNCTION>
     </RSMPE_STAF>
     <RSMPE_STAF>
      <STATUS>LIST</STATUS>
      <FUNCTION>RW</FUNCTION>
     </RSMPE_STAF>
     <RSMPE_STAF>
      <STATUS>STANDARD</STATUS>
      <FUNCTION>BACK</FUNCTION>
     </RSMPE_STAF>
     <RSMPE_STAF>
      <STATUS>STANDARD</STATUS>
      <FUNCTION>CANCEL</FUNCTION>
     </RSMPE_STAF>
     <RSMPE_STAF>
      <STATUS>STANDARD</STATUS>
      <FUNCTION>DEL</FUNCTION>
     </RSMPE_STAF>
     <RSMPE_STAF>
      <STATUS>STANDARD</STATUS>
      <FUNCTION>REFRESH</FUNCTION>
     </RSMPE_STAF>
    </SET>
    <DOC>
     <RSMPE_ATRT>
      <OBJ_TYPE>A</OBJ_TYPE>
      <OBJ_CODE>000001</OBJ_CODE>
      <MODAL>D</MODAL>
      <INT_NOTE>List</INT_NOTE>
     </RSMPE_ATRT>
     <RSMPE_ATRT>
      <OBJ_TYPE>P</OBJ_TYPE>
      <OBJ_CODE>000001</OBJ_CODE>
      <MODAL>D</MODAL>
      <INT_NOTE>List</INT_NOTE>
     </RSMPE_ATRT>
     <RSMPE_ATRT>
      <OBJ_TYPE>B</OBJ_TYPE>
      <OBJ_CODE>000001</OBJ_CODE>
      <SUB_CODE>0001</SUB_CODE>
      <MODAL>D</MODAL>
      <INT_NOTE>List</INT_NOTE>
     </RSMPE_ATRT>
     <RSMPE_ATRT>
      <OBJ_TYPE>A</OBJ_TYPE>
      <OBJ_CODE>000002</OBJ_CODE>
      <MODAL>D</MODAL>
      <INT_NOTE>Standard</INT_NOTE>
     </RSMPE_ATRT>
     <RSMPE_ATRT>
      <OBJ_TYPE>P</OBJ_TYPE>
      <OBJ_CODE>000002</OBJ_CODE>
      <MODAL>D</MODAL>
      <INT_NOTE>Standard</INT_NOTE>
     </RSMPE_ATRT>
     <RSMPE_ATRT>
      <OBJ_TYPE>B</OBJ_TYPE>
      <OBJ_CODE>000002</OBJ_CODE>
      <SUB_CODE>0001</SUB_CODE>
      <MODAL>D</MODAL>
      <INT_NOTE>Standard</INT_NOTE>
     </RSMPE_ATRT>
    </DOC>
    <TIT>
     <RSMPE_TITT>
      <CODE>T100</CODE>
      <TEXT>&amp;</TEXT>
     </RSMPE_TITT>
    </TIT>
   </CUA>
   <TPOOL>
    <item>
     <ID>R</ID>
     <ENTRY>日志查询</ENTRY>
     <LENGTH>4</LENGTH>
    </item>
    <item>
     <ID>S</ID>
     <KEY>P_NAME</KEY>
     <ENTRY>.</ENTRY>
     <LENGTH>10</LENGTH>
     <SPLIT>D</SPLIT>
    </item>
    <item>
     <ID>S</ID>
     <KEY>P_PARA</KEY>
     <ENTRY>.</ENTRY>
     <LENGTH>10</LENGTH>
     <SPLIT>D</SPLIT>
    </item>
    <item>
     <ID>S</ID>
     <KEY>P_VALUE</KEY>
     <ENTRY>包含字符串</ENTRY>
     <LENGTH>13</LENGTH>
    </item>
    <item>
     <ID>S</ID>
     <KEY>S_AREA</KEY>
     <ENTRY>.</ENTRY>
     <LENGTH>9</LENGTH>
     <SPLIT>D</SPLIT>
    </item>
    <item>
     <ID>S</ID>
     <KEY>S_ERDAT</KEY>
     <ENTRY>.</ENTRY>
     <LENGTH>9</LENGTH>
     <SPLIT>D</SPLIT>
    </item>
    <item>
     <ID>S</ID>
     <KEY>S_ERNAM</KEY>
     <ENTRY>.</ENTRY>
     <LENGTH>9</LENGTH>
     <SPLIT>D</SPLIT>
    </item>
    <item>
     <ID>S</ID>
     <KEY>S_INDX</KEY>
     <ENTRY>计数器</ENTRY>
     <LENGTH>11</LENGTH>
    </item>
    <item>
     <ID>S</ID>
     <KEY>S_MEMO</KEY>
     <ENTRY>备注</ENTRY>
     <LENGTH>10</LENGTH>
    </item>
    <item>
     <ID>S</ID>
     <KEY>S_NAME</KEY>
     <ENTRY>.</ENTRY>
     <LENGTH>9</LENGTH>
     <SPLIT>D</SPLIT>
    </item>
    <item>
     <ID>S</ID>
     <KEY>S_RTMSG</KEY>
     <ENTRY>.</ENTRY>
     <LENGTH>9</LENGTH>
     <SPLIT>D</SPLIT>
    </item>
    <item>
     <ID>S</ID>
     <KEY>S_RTYPE</KEY>
     <ENTRY>.</ENTRY>
     <LENGTH>9</LENGTH>
     <SPLIT>D</SPLIT>
    </item>
    <item>
     <ID>S</ID>
     <KEY>S_STAMP</KEY>
     <ENTRY>时间戳</ENTRY>
     <LENGTH>11</LENGTH>
    </item>
   </TPOOL>
  </asx:values>
 </asx:abap>
</abapGit>
